TS,main (1)
MC,caller=SYSTEM,target=Main#main:1
NO,object=java.lang.String[]:1
VW,context=Main#main:1,args=java.lang.String[]:1
VW,context=Main#main:1,sc=java.io.BufferedReader (id=24)
VW,context=Main#main:1,st=1001,50.0,1.60
NO,object=java.lang.String[]:2
FW,context=java.lang.String[]:2,0=1001
FW,context=java.lang.String[]:2,1=50.0
FW,context=java.lang.String[]:2,2=1.60
VW,context=Main#main:1,sp=java.lang.String[]:2
VW,context=Main#main:1,tai=50.0
VW,context=Main#main:1,shin=1.6
VW,context=Main#main:1,st=1002,60.0,1.70
VD,method=Main#main:1 <name=sp,type=java.lang.String[] (id=59),value=java.lang.String[]:6,index=3>
NO,object=java.lang.String[]:3
FW,context=java.lang.String[]:3,0=1002
FW,context=java.lang.String[]:3,1=60.0
FW,context=java.lang.String[]:3,2=1.70
VW,context=Main#main:1,sp=java.lang.String[]:3
VD,method=Main#main:1 <name=tai,type=double (id=5),value=90.0,index=4>
VW,context=Main#main:1,tai=60.0
VD,method=Main#main:1 <name=shin,type=double (id=5),value=1.6,index=5>
VW,context=Main#main:1,shin=1.7
VW,context=Main#main:1,st=1003,70.0,1.80
VD,method=Main#main:1 <name=sp,type=java.lang.String[] (id=59),value=java.lang.String[]:6,index=3>
NO,object=java.lang.String[]:4
FW,context=java.lang.String[]:4,0=1003
FW,context=java.lang.String[]:4,1=70.0
FW,context=java.lang.String[]:4,2=1.80
VW,context=Main#main:1,sp=java.lang.String[]:4
VD,method=Main#main:1 <name=tai,type=double (id=5),value=90.0,index=4>
VW,context=Main#main:1,tai=70.0
VD,method=Main#main:1 <name=shin,type=double (id=5),value=1.6,index=5>
VW,context=Main#main:1,shin=1.8
VW,context=Main#main:1,st=1004,80.0,1.70
VD,method=Main#main:1 <name=sp,type=java.lang.String[] (id=59),value=java.lang.String[]:6,index=3>
NO,object=java.lang.String[]:5
FW,context=java.lang.String[]:5,0=1004
FW,context=java.lang.String[]:5,1=80.0
FW,context=java.lang.String[]:5,2=1.70
VW,context=Main#main:1,sp=java.lang.String[]:5
VD,method=Main#main:1 <name=tai,type=double (id=5),value=90.0,index=4>
VW,context=Main#main:1,tai=80.0
VD,method=Main#main:1 <name=shin,type=double (id=5),value=1.6,index=5>
VW,context=Main#main:1,shin=1.7
VW,context=Main#main:1,st=1005,90.0,1.60
VD,method=Main#main:1 <name=sp,type=java.lang.String[] (id=59),value=java.lang.String[]:6,index=3>
NO,object=java.lang.String[]:6
FW,context=java.lang.String[]:6,0=1005
FW,context=java.lang.String[]:6,1=90.0
FW,context=java.lang.String[]:6,2=1.60
VW,context=Main#main:1,sp=java.lang.String[]:6
VD,method=Main#main:1 <name=tai,type=double (id=5),value=90.0,index=4>
VW,context=Main#main:1,tai=90.0
VD,method=Main#main:1 <name=shin,type=double (id=5),value=1.6,index=5>
VW,context=Main#main:1,shin=1.6
